{
  "scenario": "01-smoke",
  "timestamp": "2026-06-30T03:35:34.998Z",
  "durationSec": 28,
  "peakVUs": 2,
  "sla": {
    "compliant": false,
    "p95_ms": 204.63717829999996,
    "p99_ms": 466.8717481699999,
    "errorRate": 0.2702702702702703,
    "ttfbP95_ms": 204.43146529999999
  },
  "latency": {
    "p50": 47.19436,
    "p90": 190.0119235,
    "p95": 204.63717829999996,
    "p99": 466.8717481699999,
    "mean": 75.75316262612614,
    "max": 511.373238,
    "ttfbP95": 204.43146529999999,
    "ttfbAvg": 75.36818420270271
  },
  "throughput": {
    "rps": 7.899627588351219,
    "totalReqs": 222,
    "writes": 2,
    "reads": 220,
    "succRate": 0.7297297297297297,
    "errRate": 0.2702702702702703,
    "dataSentBytes": 13670,
    "dataRecvBytes": 342013
  },
  "errors": {
    "c2xx": 162,
    "c4xx": 18,
    "c5xx": 42,
    "timeouts": 0,
    "connErr": 0
  },
  "concurrency": {
    "peakVUs": 2,
    "queueTimeP95_ms": 0.005727,
    "queueTimeAvg_ms": 0.8387899009009004
  },
  "costEstimate": {
    "bytesPerReqAvg": 1091.1306306306305,
    "bytesPerSession": 121115.49999999999,
    "monthlyBytesPerUser": 12111549.999999998
  },
  "summary": {
    "maxSustainableRPS": "< 7.9 (SLA violado)",
    "bottleneck": "Servidor (5xx alto — pool de conexões ou OOM)",
    "scaleRecommendation": "Escala HORIZONTAL recomendada: adicionar réplicas do(s) serviço(s) com maior taxa de 5xx."
  }
}